SUBJECT,SEX,Age,AgeUnits
1,M,32.82716189,YEARS
2,MALE,33.97864641,YEARS
3,F,42.65086829,YEARS
4,M,50.74537053,YEARS
5,M,56.48020306,YEARS
6,F,153.08423,YEARS
7,F,46.27320749,YEARS
8,F,66.51503697,YEARS
9,F,41.74413491,YEARS
10,M,48.36262905,YEARS
10,M,148.3626291,YEARS
11,F,43.29578697,YEARS
12,M,56.03481868,YEARS
14,F,33.25,YEARS
18,F,36.5,YEARS